{
    "services": [
        {
            "id": 1,
            "name": "Painting",
            "category": "Home Services",
            "description": "Professional painting services for interior and exterior walls",
            "image": "🎨",
            "sustainable": true,
            "arPreview": true,
            "locations": ["Mumbai", "Delhi", "Bangalore", "Hyderabad", "Chennai", "Kolkata", "Pune", "Ahmedabad"],
            "priceMin": 300,
            "priceMax": 1500,
            "minExperience": 2,
            "avgRating": 4.7,
            "availability": ["today", "tomorrow", "weekend"],
            "skills": ["interior painting", "exterior painting", "wall preparation", "color consultation"],
            "languages": ["Hindi", "English", "Marathi", "Gujarati"],
            "gender": "any",
            "urgentAvailable": true,
            "quickResponse": true
        },
        {
            "id": 2,
            "name": "Lighting Installation",
            "category": "Home Services",
            "description": "Expert electrical lighting installation and repair",
            "image": "💡",
            "sustainable": false,
            "arPreview": false,
            "locations": ["Mumbai", "Delhi", "Bangalore", "Hyderabad", "Chennai", "Kolkata", "Pune"],
            "priceMin": 250,
            "priceMax": 1200,
            "minExperience": 1,
            "avgRating": 4.6,
            "availability": ["immediate", "today", "tomorrow"],
            "skills": ["electrical wiring", "lighting installation", "fixture repair"],
            "languages": ["Hindi", "English", "Tamil", "Telugu"],
            "gender": "any",
            "urgentAvailable": true,
            "quickResponse": true
        },
        {
            "id": 3,
            "name": "Plumbing",
            "category": "Home Services",
            "description": "Complete plumbing solutions for residential and commercial",
            "image": "🔧",
            "sustainable": true,
            "arPreview": false,
            "locations": ["Mumbai", "Delhi", "Bangalore", "Hyderabad", "Chennai", "Kolkata", "Pune", "Ahmedabad"],
            "priceMin": 250,
            "priceMax": 1200,
            "minExperience": 1,
            "avgRating": 4.7,
            "availability": ["immediate", "today", "tomorrow", "weekend"],
            "skills": ["pipe repair", "installation", "leak detection", "drain cleaning"],
            "languages": ["Hindi", "English", "Marathi", "Gujarati", "Bengali"],
            "gender": "any",
            "urgentAvailable": true,
            "quickResponse": true
        },
        {
            "id": 4,
            "name": "Furniture Repair",
            "category": "Home Services",
            "description": "Repair and restoration of all types of furniture",
            "image": "🪑",
            "sustainable": true,
            "arPreview": true,
            "locations": ["Mumbai", "Delhi", "Bangalore", "Pune", "Hyderabad"],
            "priceMin": 400,
            "priceMax": 2000,
            "minExperience": 3,
            "avgRating": 4.8,
            "availability": ["today", "tomorrow", "weekend"],
            "skills": ["furniture repair", "upholstery", "wood restoration"],
            "languages": ["Hindi", "English", "Marathi"],
            "gender": "any",
            "urgentAvailable": false,
            "quickResponse": true
        },
        {
            "id": 5,
            "name": "Ghar Marammat",
            "category": "Home Services",
            "description": "Complete home maintenance and repair services",
            "image": "🏠",
            "sustainable": false,
            "arPreview": false,
            "locations": ["Mumbai", "Delhi", "Bangalore", "Hyderabad", "Chennai", "Kolkata", "Pune", "Ahmedabad"],
            "priceMin": 300,
            "priceMax": 1500,
            "minExperience": 2,
            "avgRating": 4.5,
            "availability": ["today", "tomorrow", "weekend"],
            "skills": ["general repair", "maintenance", "handyman services"],
            "languages": ["Hindi", "English", "Marathi", "Gujarati", "Bengali"],
            "gender": "any",
            "urgentAvailable": true,
            "quickResponse": true
        },
        {
            "id": 6,
            "name": "Home Cleaning",
            "category": "Home Services",
            "description": "Deep cleaning services for homes and offices",
            "image": "🧹",
            "sustainable": true,
            "arPreview": false,
            "locations": ["Mumbai", "Delhi", "Bangalore", "Hyderabad", "Chennai", "Kolkata", "Pune", "Ahmedabad"],
            "priceMin": 200,
            "priceMax": 800,
            "minExperience": 0,
            "avgRating": 4.6,
            "availability": ["immediate", "today", "tomorrow", "weekend"],
            "skills": ["deep cleaning", "sanitization", "organization"],
            "languages": ["Hindi", "English", "Marathi", "Tamil", "Telugu"],
            "gender": "any",
            "urgentAvailable": true,
            "quickResponse": true
        },
        {
            "id": 7,
            "name": "AC & Appliance Repair",
            "category": "Home Services",
            "description": "Repair and maintenance of AC and home appliances",
            "image": "❄️",
            "sustainable": false,
            "arPreview": false,
            "locations": ["Mumbai", "Delhi", "Bangalore", "Hyderabad", "Chennai", "Kolkata", "Pune"],
            "priceMin": 350,
            "priceMax": 1800,
            "minExperience": 2,
            "avgRating": 4.7,
            "availability": ["immediate", "today", "tomorrow"],
            "skills": ["AC repair", "refrigerator repair", "washing machine repair", "microwave repair"],
            "languages": ["Hindi", "English", "Tamil", "Telugu", "Kannada"],
            "gender": "any",
            "urgentAvailable": true,
            "quickResponse": true
        },
        {
            "id": 8,
            "name": "Pest Control",
            "category": "Home Services",
            "description": "Eco-friendly pest control and prevention services",
            "image": "🐛",
            "sustainable": true,
            "arPreview": false,
            "locations": ["Mumbai", "Delhi", "Bangalore", "Hyderabad", "Chennai", "Pune"],
            "priceMin": 500,
            "priceMax": 2500,
            "minExperience": 1,
            "avgRating": 4.8,
            "availability": ["today", "tomorrow", "weekend"],
            "skills": ["pest control", "termite treatment", "rodent control"],
            "languages": ["Hindi", "English", "Marathi", "Tamil"],
            "gender": "any",
            "urgentAvailable": false,
            "quickResponse": true
        },
        {
            "id": 9,
            "name": "Carpentry",
            "category": "Home Services",
            "description": "Custom carpentry and woodwork services",
            "image": "🪚",
            "sustainable": true,
            "arPreview": true,
            "locations": ["Mumbai", "Delhi", "Bangalore", "Pune", "Hyderabad"],
            "priceMin": 400,
            "priceMax": 2000,
            "minExperience": 3,
            "avgRating": 4.7,
            "availability": ["today", "tomorrow", "weekend"],
            "skills": ["carpentry", "furniture making", "wood repair"],
            "languages": ["Hindi", "English", "Marathi", "Gujarati"],
            "gender": "any",
            "urgentAvailable": false,
            "quickResponse": true
        },
        {
            "id": 10,
            "name": "House Shifting",
            "category": "Logistics",
            "description": "Professional packers and movers for home relocation",
            "image": "📦",
            "sustainable": false,
            "arPreview": false,
            "locations": ["Mumbai", "Delhi", "Bangalore", "Hyderabad", "Chennai", "Kolkata", "Pune", "Ahmedabad"],
            "priceMin": 2000,
            "priceMax": 15000,
            "minExperience": 2,
            "avgRating": 4.5,
            "availability": ["tomorrow", "weekend"],
            "skills": ["packing", "moving", "loading", "unloading"],
            "languages": ["Hindi", "English", "Marathi", "Gujarati"],
            "gender": "any",
            "urgentAvailable": false,
            "quickResponse": true
        },
        {
            "id": 11,
            "name": "Heavy Lifting",
            "category": "Logistics",
            "description": "Heavy item moving and lifting services",
            "image": "💪",
            "sustainable": false,
            "arPreview": false,
            "locations": ["Mumbai", "Delhi", "Bangalore", "Pune", "Hyderabad"],
            "priceMin": 500,
            "priceMax": 3000,
            "minExperience": 1,
            "avgRating": 4.6,
            "availability": ["today", "tomorrow"],
            "skills": ["heavy lifting", "equipment moving"],
            "languages": ["Hindi", "English", "Marathi"],
            "gender": "male",
            "urgentAvailable": true,
            "quickResponse": true
        },
        {
            "id": 12,
            "name": "Local Delivery",
            "category": "Logistics",
            "description": "Fast and reliable local delivery services",
            "image": "🚚",
            "sustainable": true,
            "arPreview": false,
            "locations": ["Mumbai", "Delhi", "Bangalore", "Hyderabad", "Chennai", "Kolkata", "Pune", "Ahmedabad"],
            "priceMin": 100,
            "priceMax": 500,
            "minExperience": 0,
            "avgRating": 4.7,
            "availability": ["immediate", "today"],
            "skills": ["delivery", "logistics"],
            "languages": ["Hindi", "English", "Marathi", "Tamil", "Telugu"],
            "gender": "any",
            "urgentAvailable": true,
            "quickResponse": true
        },
        {
            "id": 13,
            "name": "Import-Export Support",
            "category": "Logistics",
            "description": "Documentation and logistics support for import-export",
            "image": "🌍",
            "sustainable": false,
            "arPreview": false,
            "locations": ["Mumbai", "Delhi", "Bangalore", "Chennai", "Kolkata"],
            "priceMin": 1000,
            "priceMax": 5000,
            "minExperience": 3,
            "avgRating": 4.8,
            "availability": ["tomorrow", "weekend"],
            "skills": ["documentation", "customs", "logistics"],
            "languages": ["Hindi", "English"],
            "gender": "any",
            "urgentAvailable": false,
            "quickResponse": false
        },
        {
            "id": 14,
            "name": "Vehicle Rental",
            "category": "Logistics",
            "description": "Rent vehicles for personal and commercial use",
            "image": "🚗",
            "sustainable": false,
            "arPreview": false,
            "locations": ["Mumbai", "Delhi", "Bangalore", "Hyderabad", "Chennai", "Pune"],
            "priceMin": 500,
            "priceMax": 3000,
            "minExperience": 1,
            "avgRating": 4.6,
            "availability": ["today", "tomorrow"],
            "skills": ["driving", "vehicle maintenance"],
            "languages": ["Hindi", "English", "Marathi", "Tamil"],
            "gender": "any",
            "urgentAvailable": true,
            "quickResponse": true
        },
        {
            "id": 15,
            "name": "Courier Services",
            "category": "Logistics",
            "description": "Express courier and parcel delivery",
            "image": "📮",
            "sustainable": true,
            "arPreview": false,
            "locations": ["Mumbai", "Delhi", "Bangalore", "Hyderabad", "Chennai", "Kolkata", "Pune", "Ahmedabad"],
            "priceMin": 50,
            "priceMax": 300,
            "minExperience": 0,
            "avgRating": 4.7,
            "availability": ["immediate", "today"],
            "skills": ["courier", "delivery"],
            "languages": ["Hindi", "English", "Marathi", "Tamil", "Telugu"],
            "gender": "any",
            "urgentAvailable": true,
            "quickResponse": true
        }
    ]
}