{
  "categories": [
    {
      "id": "home-services",
      "name": "Home Services",
      "services": [
        {
          "id": "plumbing",
          "name": "Plumbing",
          "description": "Professional plumbers for all repairs",
          "icon": "wrench",
          "popular": true
        },
        {
          "id": "electrical",
          "name": "Electrical",
          "description": "Licensed electricians for wiring & repairs",
          "icon": "zap",
          "popular": true
        },
        {
          "id": "painting",
          "name": "Painting",
          "description": "Interior & exterior painting services",
          "icon": "paintbrush",
          "popular": true
        },
        {
          "id": "carpentry",
          "name": "Carpentry",
          "description": "Furniture repair & custom woodwork",
          "icon": "hammer"
        },
        {
          "id": "home-cleaning",
          "name": "Home Cleaning",
          "description": "Deep cleaning & regular maintenance",
          "icon": "sparkles",
          "popular": true
        },
        {
          "id": "ac-repair",
          "name": "AC & Appliance Repair",
          "description": "AC, fridge, washing machine repairs",
          "icon": "wind"
        },
        {
          "id": "pest-control",
          "name": "Pest Control",
          "description": "Termite, rodent & insect control",
          "icon": "bug"
        },
        {
          "id": "furniture-repair",
          "name": "Furniture Repair",
          "description": "Sofa, bed, chair repairs",
          "icon": "armchair"
        },
        {
          "id": "home-fixing",
          "name": "Home Fixing",
          "description": "General home maintenance & repairs",
          "icon": "home"
        },
        {
          "id": "lighting",
          "name": "Lighting Installation",
          "description": "Light fixtures & chandelier installation",
          "icon": "lightbulb"
        }
      ]
    },
    {
      "id": "logistics",
      "name": "Logistics",
      "services": [
        {
          "id": "house-shifting",
          "name": "House Shifting",
          "description": "Packers & movers for relocation",
          "icon": "truck",
          "popular": true
        },
        {
          "id": "heavy-lifting",
          "name": "Heavy Lifting",
          "description": "Furniture & appliance moving",
          "icon": "package"
        },
        {
          "id": "local-delivery",
          "name": "Local Delivery",
          "description": "Same-day local courier services",
          "icon": "bike"
        },
        {
          "id": "import-export",
          "name": "Import-Export Support",
          "description": "Logistics for business shipments",
          "icon": "globe"
        },
        {
          "id": "vehicle-rental",
          "name": "Vehicle Rental",
          "description": "Tempo, truck & van rentals",
          "icon": "car"
        },
        {
          "id": "courier",
          "name": "Courier Services",
          "description": "Document & parcel delivery",
          "icon": "mail"
        }
      ]
    },
    {
      "id": "events",
      "name": "Events",
      "services": [
        {
          "id": "catering",
          "name": "Waiter & Catering",
          "description": "Professional catering for events",
          "icon": "utensils"
        },
        {
          "id": "event-planning",
          "name": "Event Planning",
          "description": "Complete event management",
          "icon": "calendar"
        },
        {
          "id": "photography",
          "name": "Photography",
          "description": "Professional event photography",
          "icon": "camera",
          "popular": true
        },
        {
          "id": "decoration",
          "name": "Decoration",
          "description": "Event & party decoration",
          "icon": "gift"
        },
        {
          "id": "bartending",
          "name": "Bartending",
          "description": "Professional bartenders for events",
          "icon": "wine"
        },
        {
          "id": "sound-dj",
          "name": "Sound & DJ",
          "description": "Music & sound systems for events",
          "icon": "music"
        }
      ]
    },
    {
      "id": "it-services",
      "name": "IT Services",
      "services": [
        {
          "id": "laptop-repair",
          "name": "Laptop & Mobile Repair",
          "description": "Hardware & software repairs",
          "icon": "laptop",
          "popular": true
        },
        {
          "id": "smart-home",
          "name": "Smart Home Installation",
          "description": "IoT & automation setup",
          "icon": "smartphone"
        },
        {
          "id": "network-wifi",
          "name": "Network & Wi-Fi",
          "description": "Router setup & troubleshooting",
          "icon": "wifi"
        },
        {
          "id": "digital-marketing",
          "name": "Digital Marketing",
          "description": "SEO, social media & ads",
          "icon": "trending-up"
        },
        {
          "id": "website-dev",
          "name": "Website Development",
          "description": "Custom website & app development",
          "icon": "code"
        },
        {
          "id": "app-installation",
          "name": "App Installation",
          "description": "Software setup & configuration",
          "icon": "download"
        }
      ]
    },
    {
      "id": "education",
      "name": "Education",
      "services": [
        {
          "id": "tuition",
          "name": "Tuition",
          "description": "Home tutors for all subjects",
          "icon": "book-open",
          "popular": true
        },
        {
          "id": "business-guide",
          "name": "Business Guide",
          "description": "Startup & business consulting",
          "icon": "briefcase"
        },
        {
          "id": "stock-analysis",
          "name": "Stock Analysis",
          "description": "Investment & trading guidance",
          "icon": "bar-chart"
        },
        {
          "id": "career-counseling",
          "name": "Career Counseling",
          "description": "Career planning & guidance",
          "icon": "compass"
        },
        {
          "id": "language-training",
          "name": "Language Training",
          "description": "English, Hindi & foreign languages",
          "icon": "message-circle"
        },
        {
          "id": "skill-workshops",
          "name": "Skill Workshops",
          "description": "Professional skill development",
          "icon": "award"
        }
      ]
    },
    {
      "id": "unique-services",
      "name": "Unique Services",
      "services": [
        {
          "id": "pet-grooming",
          "name": "Pet Grooming",
          "description": "Pet care & grooming services",
          "icon": "heart"
        },
        {
          "id": "sustainable-gardening",
          "name": "Sustainable Gardening",
          "description": "Eco-friendly garden maintenance",
          "icon": "leaf",
          "eco": true
        },
        {
          "id": "elderly-care",
          "name": "Elderly Care",
          "description": "Compassionate senior care",
          "icon": "user-check"
        },
        {
          "id": "diy-craft",
          "name": "DIY Craft",
          "description": "Custom handmade crafts",
          "icon": "scissors"
        },
        {
          "id": "tour-guide",
          "name": "Local Tour Guide",
          "description": "City tours & travel assistance",
          "icon": "map"
        },
        {
          "id": "meal-prep",
          "name": "Home Meal Prep",
          "description": "Personal chef & meal planning",
          "icon": "chef-hat"
        },
        {
          "id": "personalized-gifts",
          "name": "Personalized Gifts",
          "description": "Custom gift creation",
          "icon": "gift"
        },
        {
          "id": "fitness-coaching",
          "name": "Fitness Coaching",
          "description": "Personal training & yoga",
          "icon": "activity"
        },
        {
          "id": "home-organization",
          "name": "Home Organization",
          "description": "Decluttering & space optimization",
          "icon": "layout"
        },
        {
          "id": "astrology",
          "name": "Astrology",
          "description": "Horoscope & consultation",
          "icon": "star"
        },
        {
          "id": "content-writing",
          "name": "Content Writing",
          "description": "Blog, article & copywriting",
          "icon": "pen-tool"
        },
        {
          "id": "tailoring",
          "name": "Tailoring & Fashion",
          "description": "Custom stitching & alterations",
          "icon": "scissors"
        }
      ]
    }
  ]
}
